CSA2020,totsites,percent_filled,rich_totsites,rich_tottree,Evar,spave,AvgDBH_small,AvgDBH_med,AvgDBH_large,PercPoor,PercGood,PercDead,Perc2.97
Allendale/Irvington/S. Hilton,3392,42.511792452830186,0.02535377358490566,0.059639389736477116,0.3015031393575983,0.5068773508661489,12.304315625000001,29.71597609561753,34.96801407035176,5.9639389736477115,62.96809986130375,8.25242718446602,209.63938973647714
Beechfield/Ten Hills/West Hills,2717,55.465587044534416,0.03459698196540302,0.062375580623755804,0.3105157571680984,0.3819049746812378,14.421184210526317,28.79564055299539,51.124473988439306,6.03848706038487,66.35700066357,10.351692103516921,178.1021897810219
Belair-Edison,3313,41.77482644129188,0.022939933594929067,0.05491329479768786,0.3121084245508329,0.32727024769773627,17.17907317073171,23.08198319327731,34.77021875,11.054913294797688,64.30635838150289,12.789017341040463,222.25433526011562
Brooklyn/Curtis Bay/Hawkins Point,3255,46.75883256528418,0.028878648233486945,0.06176084099868594,0.29107168518305526,0.42956227184617424,20.35918085106383,31.527415789473686,41.86212395348837,15.045992115637318,53.15374507227333,9.264126149802891,186.6622864651774
Canton,2523,63.73365041617123,0.024177566389219182,0.03793532338308458,0.29257299492460065,0.353632791263807,13.044861788617887,23.672553398058252,22.81726854754441,6.343283582089552,58.64427860696517,6.654228855721393,115.73383084577114
Cedonia/Frankford,2736,39.473684210526315,0.02631578947368421,0.06666666666666667,0.3431406156950423,0.4569358465157282,21.95285714285714,31.343349753694582,39.27623218673219,11.75925925925926,50.83333333333333,7.962962962962964,232.3148148148148
Cherry Hill,784,57.78061224489795,0.05357142857142857,0.09271523178807947,0.3649893426282568,0.48766012385397567,16.44952380952381,25.31649315068493,41.532000000000004,5.298013245033113,67.77041942604856,5.739514348785872,169.97792494481237
Chinquapin Park/Belvedere,1767,51.782682512733444,0.04074702886247878,0.07868852459016394,0.3852521042764173,0.44734207089279904,16.05678431372549,31.47290909090909,50.16210423452769,7.978142076502732,70.38251366120218,6.229508196721312,189.61748633879782
Clifton-Berea,2628,48.93455098934551,0.02054794520547945,0.041990668740279936,0.2949012980889163,0.37194023947861293,7.3916853932584266,24.25205194805195,18.466150564617315,5.132192846034215,71.46189735614308,5.83203732503888,136.70295489891134
Cross-Country/Cheswolde,2069,61.57564040599324,0.04688255195746738,0.076138147566719,0.338738399404959,0.4223592337369568,19.86175257731959,38.14417391304348,52.07791277258567,16.16954474097331,47.95918367346938,7.849293563579278,162.00941915227628
Dorchester/Ashburton,4427,38.129658911226564,0.017393268579173254,0.04561611374407583,0.2757965373259713,0.3758524186899222,20.477238095238096,36.365197278911566,52.555985362095534,17.77251184834123,54.91706161137441,8.886255924170616,254.97630331753552
Downtown/Seton Hill,3489,55.63198624247635,0.018629979936944683,0.033487892838742914,0.28297812198481964,0.4612948694149616,13.40777652173913,23.79016551724138,20.681964642582628,11.901081916537867,65.7908294693457,8.24317362184441,118.44410097887688
Edmondson Village,1224,56.209150326797385,0.049019607843137254,0.0872093023255814,0.3614569697860728,0.3841667301625517,11.549673076923076,30.375411764705884,46.30604851752022,6.25,60.75581395348837,7.412790697674419,172.23837209302326
Fells Point,2552,73.15830721003135,0.02860501567398119,0.039100160685591856,0.22506436839081978,0.33996923240900734,16.322386363636365,25.699381333333335,22.517679668049794,4.8205677557579,75.2544188537761,4.927691483663631,110.49812533476164
Forest Park/Walbrook,3149,32.13718640838361,0.0231819625277866,0.07213438735177866,0.3313997981854886,0.45864441446300136,18.86252380952381,37.03570422535211,54.341284634760704,16.106719367588934,38.537549407114625,14.031620553359684,302.17391304347825
Glen-Fallstaff,2825,47.256637168141594,0.027964601769911505,0.05917602996254682,0.329968951294651,0.4709470785973707,17.082093457943927,38.777817142857145,50.937617806731815,17.078651685393258,53.78277153558052,5.692883895131086,202.77153558052436
Greater Charles Village/Barclay,4690,83.90191897654584,0.022601279317697228,0.026937738246505718,0.2182602398329434,0.34043939894107134,12.302883248730964,25.126830188679246,21.492337240075614,6.048284625158831,57.38246505717917,4.599745870393901,110.77509529860228
Greater Govans,1199,46.622185154295245,0.05337781484570475,0.11449016100178891,0.40736737976619664,0.4430301750761686,22.981478260869565,34.33417391304348,36.69666494117647,12.343470483005367,56.529516994633276,7.8711985688729875,202.86225402504473
Greater Lauraville,3631,60.341503717984025,0.024786560176259985,0.041077133728890915,0.27729221555914785,0.3812142613429327,18.52965991902834,26.395200992555832,36.98142307692308,7.0743952533089915,70.74395253308991,6.252852578731173,161.47877681424006
Greater Mondawmin,3101,48.72621734924218,0.023218316672041276,0.04765056254136334,0.3065868054869113,0.4262463304821175,14.976928571428571,32.495066666666666,38.70534801762115,9.133024487094639,57.57776307081402,7.941760423560557,187.62409000661813
Greater Roland Park/Poplar Hill,4529,87.65731949657761,0.024287922278648708,0.027707808564231738,0.24120676030647303,0.37936298310811967,15.455387173396675,29.438081632653063,41.82209825327511,3.9798488664987404,78.0352644836272,7.027707808564232,113.87909319899245
Greater Rosemont,4310,38.83990719257541,0.02088167053364269,0.053763440860215055,0.2864749951092952,0.4238609313145685,14.743480225988701,34.14362711864407,40.55054563492064,7.765830346475508,63.20191158900836,8.24372759856631,204.00238948626045
Greektown/Bayview,3275,56.36641221374046,0.02564885496183206,0.04550379198266522,0.2738511676824188,0.4365185789531552,10.703840490797546,26.076987755102042,17.001255136986302,6.8797399783315285,63.109425785482124,6.554712892741062,146.6955579631636
Hamilton,2308,38.73483535528596,0.03466204506065858,0.0894854586129754,0.36525867686502755,0.416140353160964,19.485723577235774,29.558342857142858,46.94859592020906,11.74496644295302,45.52572706935123,7.38255033557047,244.85458612975393
Hamilton Hills,4216,38.44876660341556,0.023244781783681213,0.06045650832819247,0.2860124286013783,0.40920396265664927,16.418367088607596,24.45050181818182,40.63046648793566,10.857495373226403,59.901295496607034,9.808760024676126,252.4984577421345
Hampden/Remington,3929,65.38559429880377,0.029524051921608552,0.04515375632541845,0.2690041606834308,0.429287605821258,15.871617433414043,28.61756062639821,33.49095618661258,8.71934604904632,70.33865317244063,3.3086804203970415,126.15803814713897
Harbor East/Little Italy,2164,58.45656192236599,0.024953789279112754,0.042687747035573126,0.22669081734172114,0.3672847479961894,12.148949152542373,18.548497674418606,19.308154852780806,5.138339920948617,71.7786561264822,5.533596837944664,112.4901185770751
Highlandtown,2443,67.00777732296356,0.02660663119115841,0.03970678069639585,0.2745506164413174,0.4090270378767697,10.358219607843138,25.351787037037038,16.729860215053762,5.253512522907758,68.78436163714112,5.00916310323763,113.86682956627978
Howard Park/West Arlington,5071,28.43620587655295,0.016761979885624136,0.05894590846047157,0.3249401288467537,0.41869850069251224,15.446686274509805,47.970209090909094,54.630817820136855,20.87378640776699,47.503467406380025,9.70873786407767,348.2662968099861
Inner Harbor/Federal Hill,4008,67.58982035928143,0.018962075848303395,0.028054632705795498,0.2306977662884091,0.38408578944082794,13.096464944649446,27.339964476021315,22.24509493670886,5.426356589147287,74.64008859357698,7.3827980804725,113.62126245847175
Loch Raven,3436,43.684516880093135,0.027648428405122234,0.06329113924050633,0.30756587151233217,0.3468672353777075,13.922375,29.355306306306307,47.2565616093881,10.126582278481013,63.1578947368421,11.05929380413058,227.64823451032643
Madison/East End,1999,77.88894447223612,0.02451225612806403,0.03147077713551702,0.2571736861297389,0.32263543439652015,5.583192429022082,18.43136888888889,10.724565310492505,4.303147077713552,75.78676942838793,3.7893384714193963,110.85420680796403
Midtown,4313,82.56434036633435,0.01947600278228611,0.02358887952822241,0.20758316188257397,0.3195397466459175,11.281833333333333,24.220714285714287,20.430796722590713,6.149957877000842,78.82617242347655,4.549283909014322,107.5821398483572
Midway/Coldstream,2838,38.231148696264974,0.02466525722339676,0.06451612903225806,0.34178020474042625,0.4690553455389073,12.00075294117647,25.461659420289855,30.184048048048048,14.009216589861751,45.622119815668206,8.202764976958525,191.05990783410138
Morrell Park/Violetville,1917,40.16692749087115,0.0396452790818988,0.0987012987012987,0.3928787879988148,0.5015944581500106,14.083631578947369,24.53571812080537,44.03661752988048,13.766233766233766,62.5974025974026,11.818181818181818,232.33766233766232
Mount Washington/Coldspring,1842,66.66666666666666,0.05537459283387622,0.08306188925081433,0.3441171503408136,0.4580593753513042,16.28045925925926,29.92982870813397,41.62753448275862,11.319218241042345,59.60912052117264,5.618892508143322,149.7557003257329
North Baltimore/Guilford/Homeland,6569,82.78276754452733,0.021616684426853404,0.0261125413755057,0.22303644253446586,0.43428368845459137,20.158896210873145,28.584836994219653,43.858274074074075,5.921294593600589,68.15005516734094,4.376609047443914,118.75689591761677
Northwood,3472,49.79838709677419,0.02534562211981567,0.05089647194910353,0.272595878634891,0.4267893541633947,15.885409836065573,30.958366666666667,39.41524617737003,8.733371891266628,64.31463273568536,8.270676691729323,199.0746096009254
Oldtown/Middle East,3972,58.333333333333336,0.016112789526686808,0.02762192490289167,0.21788313233202727,0.3925415137751748,12.916975132275132,24.979613924050632,21.53889300254453,9.106603366422098,63.659905049633146,7.639188605955978,124.51445835131636
Oliver/Johnson Square,2904,46.31542699724518,0.01859504132231405,0.04014869888475837,0.23418529474179461,0.3824756097516204,9.849922077922079,29.873767955801107,20.895936127744513,12.267657992565056,60.89219330855019,8.996282527881041,132.19330855018586
Orchard Ridge/Armistead,1713,57.734967892586106,0.040280210157618214,0.06976744186046512,0.3047290760662128,0.4449993773055608,13.941777777777778,17.96243093922652,19.627908256880733,10.920121334681497,50.15166835187057,4.853387259858443,165.62184024266938
Patterson Park North & East,3588,78.87402452619844,0.020624303232998884,0.026148409893992933,0.22367085720708846,0.32368518368663823,10.051974103585657,20.62951912568306,14.638436835891381,3.92226148409894,76.78445229681978,3.4275618374558303,110.21201413427562
Penn North/Reservoir Hill,2383,74.27612253462023,0.029794376835921108,0.04011299435028248,0.25326098514380735,0.32379999069065296,9.2630625,23.481678321678324,24.153162899454404,8.305084745762711,71.2994350282486,5.310734463276836,115.70621468926554
Pigtown/Carroll Park,2745,67.35883424408014,0.024408014571948997,0.03623580313683072,0.29239450468121,0.34631369955788627,14.166459546925566,24.813008042895444,21.235930745658834,3.461330448891293,81.77393185505679,7.842076798269335,124.06706327744728
Pimlico/Arlington/Hilltop,2796,32.83261802575107,0.025393419170243205,0.07734204793028322,0.33733789718043716,0.45420402109963715,13.0175,29.599466666666668,43.99056514382403,21.67755991285403,44.55337690631808,7.952069716775599,268.082788671024
Poppleton/The Terraces/Hollins Market,2181,72.07702888583218,0.03484640073360844,0.04834605597964377,0.2700858159294456,0.3840499574965889,14.039406976744186,24.531260700389105,18.36935395814377,5.852417302798982,69.46564885496184,3.1806615776081424,108.71501272264632
Sandtown-Winchester/Harlem Park,4324,48.149861239592965,0.014801110083256245,0.03073967339097022,0.22224683918177102,0.32232596127032437,10.966718309859155,22.788503703703704,23.72374033149171,14.169068203650337,31.316042267050914,8.069164265129682,137.89625360230548
South Baltimore,2177,67.7537896187414,0.0316949931097841,0.04677966101694915,0.29028490268825113,0.4526671208285886,13.97610996563574,24.493541778975743,18.29299438202247,4.88135593220339,71.38983050847457,3.728813559322034,110.23728813559322
Southeastern,1903,52.81135049921177,0.027850761954808196,0.0527363184079602,0.26720048770089366,0.525378057726915,7.843671641791045,23.840108695652173,26.866146645865836,7.064676616915423,59.601990049751244,6.368159203980099,173.43283582089552
Southern Park Heights,2659,30.575404287326062,0.026325686348251224,0.08610086100861009,0.38222715693677034,0.4599659853940582,20.001605633802818,36.31616091954023,46.882714801444045,22.263222632226324,41.57441574415744,12.423124231242312,287.8228782287823
Southwest Baltimore,5122,53.74853572823116,0.017376024990238187,0.032328369051943334,0.23027841255460924,0.34521088836556074,12.239320547945205,22.740536263736264,18.262285714285714,6.24772974936433,67.4173628768616,5.775517617144932,128.40537595350528
The Waverlies,2464,60.26785714285714,0.02719155844155844,0.04511784511784512,0.23625857055734967,0.3972130020359012,13.725525,31.298597826086958,33.13929636048527,10.37037037037037,57.77777777777777,5.387205387205387,149.36026936026937
Upton/Druid Heights,3103,58.91073155011279,0.0235256203673864,0.039934354485776806,0.2540960637811934,0.3931984542796564,11.901714285714286,26.172528497409328,25.451443037974684,12.472647702407002,35.010940919037196,4.978118161925601,122.31947483588621
Westport/Mount Winans/Lakeland,1063,57.19661335841957,0.04891815616180621,0.08552631578947369,0.38753969972247515,0.4586201551277655,7.323156626506024,21.397719626168225,30.553410404624277,10.855263157894738,52.79605263157895,12.828947368421053,165.29605263157893
